{"Fid":"chuFQIwyTICtMK7KWwpFXR","Status":3,"AuthToken":"eyJhbGciOiJFUzI1NiIsInR5cCI6IkpXVCJ9.eyJhcHBJZCI6IjE6MTA3Mzk5OTc5NTM0OTphbmRyb2lkOmQwM2VmOGY0NjVjZDliMGM4NTc3OWMiLCJleHAiOjE3Njc3Nzk0NjUsImZpZCI6ImNodUZRSXd5VElDdE1LN0tXd3BGWFIiLCJwcm9qZWN0TnVtYmVyIjoxMDczOTk5Nzk1MzQ5fQ.AB2LPV8wRQIgRd9-yPK6g1kVtipoZHwUmW-FgM1sYBg1pLARw5A1KwUCIQDEwRLVbMjVBs_CkGx9_eQBS2qlw4PkgnPu8sDOQ5meTw","RefreshToken":"3_AS3qfwJY5yv6B0amHCZu2taOCg1XSD731v8CeMgkFzwuw3kYMAkx6TiU2gCr9u0TLJMxGx0nlzbmhhDYhbBiOEYFArGUImy-Fdvv0ABWG1PQ4zw","TokenCreationEpochInSecs":1767174665,"ExpiresInSecs":604800}