<?xml version='1.0' encoding='utf-8' standalone='yes' ?>
<map>
    <string name="prev_event_name">af_app_opened</string>
    <int name="AF_CACHE_VERSION" value="2" />
    <boolean name="didSendRevenueTriggerOnLastBackground" value="false" />
    <long name="prev_event_timestamp" value="1767247640327" />
    <int name="appsFlyerInAppEventCount" value="8" />
    <long name="prev_session_dur" value="4" />
    <boolean name="ddl_sent" value="true" />
    <long name="af_rc_max_age" value="86400" />
    <string name="sentSuccessfully">true</string>
    <int name="versionCode" value="11" />
    <string name="af_remote_config">eyJmZWF0dXJlcyI6e30sInZlciI6ImRlZmF1bHQudjEuMTYzNzE0OTUyOSJ9</string>
    <string name="savedProperties">{&quot;waitForCustomerId&quot;:&quot;false&quot;,&quot;logLevel&quot;:&quot;0&quot;,&quot;additionalCustomData&quot;:&quot;{\&quot;ta_account_id\&quot;:\&quot;2IN20708835\&quot;,\&quot;ta_distinct_id\&quot;:\&quot;aead1bc3-1875-4fc2-bbe4-f431157ff16c\&quot;}&quot;,&quot;AppUserId&quot;:&quot;aead1bc3-1875-4fc2-bbe4-f431157ff16c&quot;}</string>
    <string name="AF_INSTALLATION">1767174664814-7390925725323490756</string>
    <boolean name="afUninstallToken_queued" value="false" />
    <int name="appsFlyerCount" value="11" />
    <long name="AppsFlyerTimePassedSincePrevLaunch" value="1767247640326" />
    <boolean name="newGPReferrerSent" value="true" />
    <long name="af_rc_timestamp" value="1767174665579" />
    <string name="appsFlyerFirstInstall">2025-12-31_152104+0530</string>
    <string name="attributionId">{&quot;install_time&quot;:&quot;2025-12-31 09:51:10.022&quot;,&quot;af_message&quot;:&quot;organic install&quot;,&quot;af_status&quot;:&quot;Organic&quot;,&quot;is_first_launch&quot;:false}</string>
</map>
