<?xml version='1.0' encoding='utf-8' standalone='yes' ?>
<map>
    <long name="first_open_time" value="1767247496225" />
    <string name="gmp_app_id">1:1073999795349:android:d03ef8f465cd9b0c85779c</string>
    <string name="app_instance_id">9b2ad9e8de5d46a3b01286070c6b4ab5</string>
    <boolean name="has_been_opened" value="true" />
    <boolean name="app_backgrounded" value="true" />
    <boolean name="allow_remote_dynamite" value="true" />
    <long name="health_monitor:start" value="1767247515198" />
    <boolean name="use_service" value="true" />
    <boolean name="start_new_session" value="true" />
</map>
