<?xml version='1.0' encoding='utf-8' standalone='yes' ?>
<map>
    <string name="Google/coral/coral:10/QD1A.190821.007/5831595:user/release-keys;3.0.0">e48fc163dd5d13fdb19cb779d9717e70</string>
    <string name="LAST_SAVED_LOCALE">en_US</string>
    <string name="deviceIdHash">44d27ba6-53bf-46d9-89b5-acfbbcb93fe1</string>
    <int name="AppMinSdkVersion" value="26" />
    <string name="realme/RMX5030IN/RE60A4L1:15/UKQ1.231108.001/V.R4T2.20f6f0b-2230b-15d21c:user/release-keys;3.0.0">61e89eb27be51560e763b0af7b84e8bc</string>
</map>
