{"Fid":"fw5LtdzgS0G4-betU7XNBP","Status":3,"AuthToken":"eyJhbGciOiJFUzI1NiIsInR5cCI6IkpXVCJ9.eyJhcHBJZCI6IjE6NzU0Nzk1NjE0MDQyOmFuZHJvaWQ6YzY4MmI4MTQ0YThkZDUyYmMxYWQ2MyIsImV4cCI6MTc3MTA4NjQxMSwiZmlkIjoiZnc1THRkemdTMEc0LWJldFU3WE5CUCIsInByb2plY3ROdW1iZXIiOjc1NDc5NTYxNDA0Mn0.AB2LPV8wRAIgLVOwd-IhTyu0uINe9eqDrYI5h-hBpEMX2Klt4c_py7YCIBo9c_qNVslIdEhB93CJNJwphgI8JUmD-AWiTPKpCPKF","RefreshToken":"3_AS3qfwKGQmy233PXIK9xBb3f8UjcG8pZGtgZb8VJvXPN3PTo0eG2IuBi_mWn-p4GRMsoPghyletDaSAyAHGG9ia4ZejYhAbeACscKHZs8kvdSkw","TokenCreationEpochInSecs":1770481611,"ExpiresInSecs":604800}