{"Fid":"fBdzdsgESG2_aa32fSV-8x","Status":3,"AuthToken":"eyJhbGciOiJFUzI1NiIsInR5cCI6IkpXVCJ9.eyJhcHBJZCI6IjE6ODQzNTE0NTU5ODM4OmFuZHJvaWQ6MDBjYjE3OGEzZDlkNmJhYTVkYTNjZiIsImV4cCI6MTc3MTA4NjQxMCwiZmlkIjoiZkJkemRzZ0VTRzJfYWEzMmZTVi04eCIsInByb2plY3ROdW1iZXIiOjg0MzUxNDU1OTgzOH0.AB2LPV8wRQIhANYniLQ1k26YNawpTnkZ8AOP-lurQIDKk2dsp8oAdz_3AiAYDD4mVVPS172qDNjK6LefUKi9ejg1SNtCFyOg_nlf4A","RefreshToken":"3_AS3qfwK7dbZ0bny9iZtmo0Au3X8f2C35TtZDzsC_txZ0_Vskn2Zn4bmOS8WPsWQ9LG14i8IQ9_Pjy_OpXrJ16y0gycz-eyaT7tqrJEbC10kqZh0","TokenCreationEpochInSecs":1770481610,"ExpiresInSecs":604800}