<?xml version='1.0' encoding='utf-8' standalone='yes' ?>
<map>
    <boolean name="measurement_enabled_from_api" value="true" />
    <long name="first_open_time" value="1770481609277" />
    <string name="gmp_app_id">1:843514559838:android:00cb178a3d9d6baa5da3cf</string>
    <string name="app_instance_id">87fa2381f36a19a3b6b7ca50c41c4171</string>
    <long name="session_id" value="1770481609" />
    <boolean name="app_backgrounded" value="true" />
    <long name="health_monitor:start" value="1770481609567" />
    <boolean name="use_service" value="true" />
    <boolean name="deferred_analytics_collection" value="false" />
    <string name="previous_os_version">15</string>
    <boolean name="measurement_enabled" value="true" />
    <boolean name="has_been_opened" value="true" />
    <boolean name="allow_remote_dynamite" value="true" />
    <long name="last_pause_time" value="1770481721690" />
    <boolean name="start_new_session" value="false" />
</map>
