<?xml version='1.0' encoding='utf-8' standalone='yes' ?>
<map>
    <long name="OS_LAST_LOCATION_TIME" value="1770481688407" />
    <string name="MODEL_STORE_operations">[]</string>
    <string name="MODEL_STORE_session">[{&quot;id&quot;:&quot;-singleton-&quot;,&quot;isValid&quot;:true,&quot;sessionId&quot;:&quot;de7e6e2e-f0c7-472a-85ca-046ce6c85f25&quot;,&quot;startTime&quot;:1770481695527,&quot;focusTime&quot;:1770481720738,&quot;activeDuration&quot;:12325}]</string>
    <string name="PREFS_OS_ETAG_PREFIX_CACHE_KEY_REMOTE_PARAMS">W/&quot;a0840ee7a0ec75c5fd73bbd6d348f601&quot;</string>
    <string name="MODEL_STORE_identity">[{&quot;onesignal_id&quot;:&quot;55a46281-b2e1-491d-9d1c-c976ff05b73b&quot;,&quot;external_id&quot;:&quot;68de89975981578bea80779b&quot;,&quot;id&quot;:&quot;-singleton-&quot;}]</string>
    <string name="PREFS_OS_HTTP_CACHE_PREFIX_CACHE_KEY_REMOTE_PARAMS">{&quot;awl_list&quot;:{},&quot;android_sender_id&quot;:&quot;843514559838&quot;,&quot;chnl_lst&quot;:[],&quot;outcomes&quot;:{&quot;direct&quot;:{&quot;enabled&quot;:false},&quot;indirect&quot;:{&quot;notification_attribution&quot;:{&quot;minutes_since_displayed&quot;:60,&quot;limit&quot;:10},&quot;enabled&quot;:false},&quot;unattributed&quot;:{&quot;enabled&quot;:false}},&quot;logging_config&quot;:{&quot;log_level&quot;:&quot;NONE&quot;},&quot;receive_receipts_enable&quot;:false}</string>
    <string name="MODEL_STORE_properties">[{&quot;onesignalId&quot;:&quot;55a46281-b2e1-491d-9d1c-c976ff05b73b&quot;,&quot;country&quot;:&quot;IN&quot;,&quot;language&quot;:&quot;en&quot;,&quot;timezone&quot;:&quot;Asia\/Kolkata&quot;,&quot;id&quot;:&quot;-singleton-&quot;}]</string>
    <string name="MODEL_STORE_config">[{&quot;id&quot;:&quot;-singleton-&quot;,&quot;appId&quot;:&quot;806d641e-3729-4cfd-8e75-70c6372411a2&quot;,&quot;consentRequired&quot;:false,&quot;backgroundFetchNotificationPermissionInterval&quot;:86400000,&quot;foregroundFetchNotificationPermissionInterval&quot;:1000,&quot;pushSubscriptionId&quot;:&quot;19e57362-ce69-4bf5-9b9a-4cc28b06e443&quot;,&quot;fcmParams&quot;:{},&quot;httpGetTimeout&quot;:60000,&quot;apiUrl&quot;:&quot;https:\/\/api.onesignal.com\/&quot;,&quot;opRepoExecutionInterval&quot;:5000,&quot;influenceParams&quot;:{&quot;indirectNotificationAttributionWindow&quot;:60,&quot;isUnattributedEnabled&quot;:false,&quot;indirectIAMAttributionWindow&quot;:1440,&quot;notificationLimit&quot;:10,&quot;isDirectEnabled&quot;:false,&quot;isIndirectEnabled&quot;:false},&quot;httpTimeout&quot;:120000,&quot;isInitializedWithRemote&quot;:true,&quot;notificationChannels&quot;:&quot;[]&quot;,&quot;googleProjectNumber&quot;:&quot;843514559838&quot;,&quot;receiveReceiptEnabled&quot;:false,&quot;sessionFocusTimeout&quot;:30000}]</string>
    <set name="PREFS_OS_UNATTRIBUTED_UNIQUE_OUTCOME_EVENTS_SENT" />
    <string name="MODEL_STORE_subscriptions">[{&quot;id&quot;:&quot;19e57362-ce69-4bf5-9b9a-4cc28b06e443&quot;,&quot;type&quot;:&quot;PUSH&quot;,&quot;optedIn&quot;:true,&quot;address&quot;:&quot;fw5LtdzgS0G4-betU7XNBP:APA91bFaR9puSZbuP4t1pFLk8QJUa2-viZDwGnBiCUTOsh73EJkUOOEIPBELcS9Fwzd7jicn-jTJDaWw1jLMWRKGw6ds29B7OeChGWZz4Pj7XY7ctvQUyAs&quot;,&quot;status&quot;:&quot;NO_PERMISSION&quot;,&quot;sdk&quot;:&quot;050138&quot;,&quot;deviceOS&quot;:&quot;15&quot;,&quot;carrier&quot;:&quot;&quot;,&quot;appVersion&quot;:&quot;145&quot;}]</string>
    <string name="PREFS_OS_INSTALL_ID">821b9431-64f2-41bd-8b92-71a9da7a0984</string>
</map>
