<?xml version='1.0' encoding='utf-8' standalone='yes' ?>
<map>
    <string name="core_user_identifiers">{&quot;uid&quot;:&quot;68de89975981578bea80779b&quot;}</string>
    <string name="user_session">{&quot;session_id&quot;:&quot;2e1ca1e0-0789-4e0d-b1fe-0ac2f3fe2f07&quot;,&quot;start_time&quot;:&quot;2026-02-07T16:26:49.599Z&quot;,&quot;source_array&quot;:[{}],&quot;last_interaction_time&quot;:1770481722485}</string>
    <int name="appVersion" value="145" />
    <long name="last_event_sync_time" value="1770481725703" />
    <string name="core_debugger_log_config">{&quot;logLevel&quot;:0,&quot;isLoggingEnabled&quot;:false,&quot;expiryTime&quot;:-1}</string>
    <string name="core_device_unique_id">b7ae4eea-b3cb-4d7d-9fa6-3867202cf669</string>
    <long name="inapp_last_sync_time" value="1770481717" />
    <set name="sent_activity_list">
        <string>com.google.android.gms.common.api.GoogleApiActivity</string>
        <string>com.moengage.pushbase.activities.PushClickDialogTracker</string>
        <string>com.google.android.gms.auth.api.signin.internal.SignInHubActivity</string>
        <string>com.app.alright.MainActivity</string>
        <string>com.android.billingclient.api.ProxyBillingActivityV2</string>
        <string>com.onesignal.NotificationOpenedActivityHMS</string>
        <string>com.moengage.pushbase.internal.activity.PermissionActivity</string>
        <string>com.google.firebase.auth.internal.RecaptchaActivity</string>
        <string>com.razorpay.CheckoutActivity</string>
        <string>com.onesignal.core.activities.PermissionsActivity</string>
        <string>bin.mt.file.content.MTDataFilesWakeUpActivity</string>
        <string>androidx.credentials.playservices.HiddenActivity</string>
        <string>com.razorpay.MagicXActivity</string>
        <string>com.moengage.pushbase.activities.PushTracker</string>
        <string>com.onesignal.notifications.activities.NotificationOpenedActivityAndroid22AndOlder</string>
        <string>com.android.billingclient.api.ProxyBillingActivity</string>
        <string>com.razorpay.DeeplinkActivity</string>
        <string>com.moe.pushlibrary.activities.MoEActivity</string>
        <string>com.google.firebase.auth.internal.GenericIdpActivity</string>
        <string>com.moengage.inapp.internal.activity.MoEInAppActivity</string>
        <string>com.moengage.sdk.debugger.MoEDebuggerActivity</string>
        <string>com.google.android.play.core.common.PlayCoreDialogWrapperActivity</string>
        <string>com.onesignal.notifications.activities.NotificationOpenedActivity</string>
        <string>com.system.zenx.splash.SplashActivity</string>
        <string>io.flutter.plugins.urllauncher.WebViewActivity</string>
    </set>
    <string name="registration_id">fBdzdsgESG2_aa32fSV-8x:APA91bGUzxfs3AGHd-Tr8DSMha1fBJuxKE6A8RIoIOYPBoFoLTcDZrRa9S69QhMEbDP5hHoygd_bLgvG8Iw7jQcf6dI5PvpfZzdhxIPi08iUcPNJovjT8AE</string>
    <boolean name="pref_installed" value="true" />
    <boolean name="is_device_registered" value="true" />
    <long name="last_config_sync_time" value="1770481609947" />
    <string name="core_moengage_environment">DEFAULT</string>
    <int name="core_usage_meta_data_sync_version" value="145" />
    <long name="events_batch_number" value="8" />
    <long name="inapp_api_sync_delay" value="900" />
    <long name="inapp_html_assets_delete_time" value="1770481609" />
    <boolean name="has_registered_for_verification" value="false" />
    <boolean name="is_gaid_tracking_enabled" value="true" />
    <string name="PREF_KEY_MOE_GAID">b23188a2-001a-4eed-832a-c3e5f43e752e</string>
    <long name="in_app_global_delay" value="900" />
    <string name="APP_UUID">c83b720f-dd8e-45b0-9270-6ac2699b0cd1</string>
    <string name="core_feature_usage">{&quot;initialisationConfigSource&quot;:&quot;source_code&quot;}</string>
    <string name="user_attribute_unique_id">68de89975981578bea80779b</string>
</map>
